{
  "loss": [
    0.6117498278617859,
    0.17536090314388275,
    0.11939280480146408,
    0.08632203191518784,
    0.06764032691717148,
    0.05764024332165718,
    0.04937265068292618,
    0.041586942970752716,
    0.036919888108968735,
    0.03379249945282936,
    0.032037004828453064,
    0.02876586653292179,
    0.025427214801311493,
    0.022333454340696335,
    0.01959630846977234,
    0.01850501261651516,
    0.01778743416070938,
    0.016630839556455612,
    0.01579378731548786,
    0.014356578700244427,
    0.013051156885921955,
    0.011954210698604584,
    0.011476517654955387,
    0.01105958316475153,
    0.010952857322990894,
    0.01086346060037613,
    0.010408385656774044,
    0.009468196891248226,
    0.009727230295538902,
    0.009824326261878014,
    0.009758636355400085,
    0.010175050236284733,
    0.009299728088080883,
    0.008727159351110458,
    0.008559380657970905,
    0.008205442689359188,
    0.007742458488792181,
    0.007186459843069315,
    0.007094814907759428,
    0.007048043888062239,
    0.006994845811277628,
    0.006776443682610989,
    0.006622122135013342,
    0.0065850005485117435,
    0.006497455295175314,
    0.006615077145397663,
    0.006462216377258301,
    0.006567515432834625,
    0.0064581590704619884,
    0.0067266542464494705
  ],
  "val_loss": [
    181.54611206054688,
    1647.3780517578125,
    2901.659423828125,
    143.39283752441406,
    8.737010955810547,
    3.309326171875,
    0.43185660243034363,
    0.05598026514053345,
    0.029581012204289436,
    0.02563324384391308,
    0.023587454110383987,
    0.01580168306827545,
    0.022563034668564796,
    0.015866421163082123,
    0.020509375259280205,
    0.01770930178463459,
    0.039522573351860046,
    0.020526690408587456,
    0.016164088621735573,
    0.013840485364198685,
    0.01318324450403452,
    0.013226903043687344,
    0.013556553982198238,
    0.014891001395881176,
    0.015553302131593227,
    0.010865255258977413,
    0.019817693158984184,
    0.010646995157003403,
    0.011568077839910984,
    0.012534142471849918,
    0.014023493975400925,
    0.017329853028059006,
    0.026318859308958054,
    0.01285389345139265,
    0.00857104454189539,
    0.007705497555434704,
    0.007374792825430632,
    0.007614980451762676,
    0.007546082604676485,
    0.0062924535013735294,
    0.007124352268874645,
    0.007409328129142523,
    0.007066695019602776,
    0.007057993207126856,
    0.007134360261261463,
    0.007282751612365246,
    0.007426810450851917,
    0.00926993414759636,
    0.007960655726492405,
    0.016786934807896614
  ],
  "accuracy": [
    0.9177855849266052,
    0.9983782768249512,
    0.9963105320930481,
    0.9977143406867981,
    0.9974216222763062,
    0.9971168637275696,
    0.9983946681022644,
    0.999614417552948,
    0.9999018907546997,
    0.9998476505279541,
    0.9999364018440247,
    0.9998971223831177,
    0.9999728798866272,
    0.9999284148216248,
    0.9999412894248962,
    0.9999926090240479,
    0.9999986886978149,
    1.0,
    0.9999971389770508,
    1.0,
    0.9999995827674866,
    1.0,
    1.0,
    0.9999998211860657,
    1.0,
    1.0,
    0.9999921917915344,
    1.0,
    1.0,
    1.0,
    0.9999978542327881,
    1.0,
    1.0,
    1.0,
    1.0,
    1.0,
    1.0,
    1.0,
    1.0,
    1.0,
    1.0,
    1.0,
    1.0,
    1.0,
    1.0,
    1.0,
    1.0,
    1.0,
    1.0,
    1.0
  ],
  "val_accuracy": [
    0.008013292215764523,
    0.009031555615365505,
    0.013466748408973217,
    0.015102646313607693,
    0.12408941239118576,
    0.3789485692977905,
    0.8608236908912659,
    0.9982751607894897,
    1.0,
    1.0,
    1.0,
    1.0,
    1.0,
    1.0,
    1.0,
    1.0,
    1.0,
    1.0,
    1.0,
    1.0,
    1.0,
    1.0,
    1.0,
    1.0,
    1.0,
    0.9999886155128479,
    1.0,
    1.0,
    0.9993301033973694,
    0.9999815225601196,
    0.9978901147842407,
    0.9993686079978943,
    1.0,
    1.0,
    0.9999690651893616,
    0.9999919533729553,
    0.9999959468841553,
    1.0,
    0.9999874234199524,
    0.9999984502792358,
    0.999999463558197,
    0.9999923706054688,
    0.9999820590019226,
    0.9999775290489197,
    0.999965250492096,
    0.9999959468841553,
    0.9995276927947998,
    0.9999385476112366,
    0.99982088804245,
    0.9988794326782227
  ]
}