{
  "loss": [
    0.6317048668861389,
    0.17016737163066864,
    0.13332945108413696,
    0.10641931742429733,
    0.08193353563547134,
    0.06667671352624893,
    0.056474462151527405,
    0.04951220005750656,
    0.04531576856970787,
    0.04197407886385918,
    0.03682917356491089,
    0.03498140349984169,
    0.035998642444610596,
    0.032350797206163406,
    0.0382632352411747,
    0.03708232194185257,
    0.031186716631054878,
    0.02882527932524681,
    0.027917450293898582,
    0.024919431656599045,
    0.02798125147819519,
    0.03131746128201485,
    0.030626878142356873,
    0.027512412518262863,
    0.02602435275912285,
    0.02684408240020275,
    0.026336466893553734,
    0.023658521473407745
  ],
  "val_loss": [
    382.4365539550781,
    219.2384796142578,
    140.7302703857422,
    14.424514770507812,
    1.0930196046829224,
    2.463731527328491,
    3.3959696292877197,
    0.4724636375904083,
    0.047507621347904205,
    0.33052337169647217,
    1.4210397005081177,
    0.27393829822540283,
    0.15693962574005127,
    0.950673520565033,
    4.658233642578125,
    0.6492440104484558,
    0.8362369537353516,
    0.020249219611287117,
    0.09077601134777069,
    0.025070877745747566,
    0.04405544325709343,
    1.0760422945022583,
    0.32069578766822815,
    1.4364866018295288,
    0.4979134500026703,
    0.02312362752854824,
    0.4454977214336395,
    0.03651091456413269
  ],
  "accuracy": [
    0.8987144827842712,
    0.9987180233001709,
    0.9953039288520813,
    0.9943332076072693,
    0.9926654100418091,
    0.9972932934761047,
    0.9985752105712891,
    0.9984581470489502,
    0.9987963438034058,
    0.9990535378456116,
    0.9993004202842712,
    0.9995729327201843,
    0.9996621012687683,
    0.999638557434082,
    0.9991545677185059,
    0.9994084239006042,
    0.9991069436073303,
    0.9987233281135559,
    0.9971147179603577,
    0.9993410706520081,
    0.9988723397254944,
    0.9999525547027588,
    0.9994905591011047,
    0.9999389052391052,
    0.9999402761459351,
    0.9999735355377197,
    0.999995231628418,
    0.9999991059303284
  ],
  "val_accuracy": [
    0.009687510319054127,
    0.011724472045898438,
    0.009970924817025661,
    0.41020670533180237,
    0.7523602843284607,
    0.6458973288536072,
    0.4400251507759094,
    0.8520488739013672,
    1.0,
    0.8539504408836365,
    0.5606991052627563,
    0.8844967484474182,
    0.9999997615814209,
    0.6792615652084351,
    0.3063906729221344,
    0.8454834222793579,
    0.7835790514945984,
    1.0,
    1.0,
    1.0,
    1.0,
    0.8401349782943726,
    0.894043505191803,
    0.8378490209579468,
    0.9022330641746521,
    0.9973447918891907,
    0.8773181438446045,
    0.9931790828704834
  ]
}