{
  "loss": [
    0.4492076337337494,
    0.13526584208011627,
    0.09180892258882523,
    0.071699358522892,
    0.05501382052898407,
    0.04670839384198189,
    0.0403594933450222,
    0.0354970246553421,
    0.03171741962432861,
    0.02908852882683277,
    0.028341537341475487,
    0.025393053889274597,
    0.023375017568469048,
    0.02098727412521839,
    0.018909718841314316,
    0.017577480524778366,
    0.017360128462314606,
    0.01815025880932808,
    0.017641538754105568,
    0.01589798368513584,
    0.015612666495144367,
    0.015366964042186737,
    0.013617459684610367,
    0.01381416991353035,
    0.013653699308633804,
    0.012582001276314259,
    0.011795260943472385,
    0.011313416063785553,
    0.012142961844801903,
    0.012881897389888763,
    0.018684713169932365,
    0.020126014947891235,
    0.023039529100060463,
    0.022480197250843048,
    0.019989246502518654,
    0.021431632339954376,
    0.021113906055688858
  ],
  "val_loss": [
    70.6844253540039,
    170.2985076904297,
    651.1467895507812,
    61.584983825683594,
    36.7967414855957,
    25.395132064819336,
    11.376230239868164,
    7.479995250701904,
    1.8719425201416016,
    7.019190311431885,
    1.9821765422821045,
    0.06251999735832214,
    0.4282727539539337,
    0.047840919345617294,
    1.1535828113555908,
    0.18974019587039948,
    0.3028114140033722,
    0.905982255935669,
    0.5059323310852051,
    0.07984746992588043,
    0.017650138586759567,
    0.030605478212237358,
    0.10498237609863281,
    0.05698397755622864,
    0.05636199191212654,
    0.03645754233002663,
    0.012595681473612785,
    0.014268828555941582,
    0.08937489986419678,
    0.3100701868534088,
    0.10202842205762863,
    1.10286283493042,
    0.031540095806121826,
    0.016924938187003136,
    0.017048032954335213,
    4.266304016113281,
    0.11429449170827866
  ],
  "accuracy": [
    0.9414703249931335,
    0.9983154535293579,
    0.9979372620582581,
    0.9959807395935059,
    0.9964991807937622,
    0.9940279126167297,
    0.996537446975708,
    0.9964239001274109,
    0.9984059929847717,
    0.9988541007041931,
    0.9990000128746033,
    0.9979841113090515,
    0.9977420568466187,
    0.9983285665512085,
    0.9981908798217773,
    0.9987192749977112,
    0.9984338283538818,
    0.9984945058822632,
    0.9989597201347351,
    0.9986667633056641,
    0.9973823428153992,
    0.999060332775116,
    0.9992910623550415,
    0.999596357345581,
    0.9985513091087341,
    0.9991398453712463,
    0.9994572997093201,
    0.9995384216308594,
    0.9994850754737854,
    0.9998751878738403,
    0.9997230172157288,
    0.9999797344207764,
    0.9995554089546204,
    0.9999194145202637,
    0.9993255138397217,
    0.9992427825927734,
    0.9982616305351257
  ],
  "val_accuracy": [
    0.011667810380458832,
    0.2589320242404938,
    0.007904052734375,
    0.007892724126577377,
    0.0069671012461185455,
    0.007699600420892239,
    0.15564188361167908,
    0.12005607783794403,
    0.6536986827850342,
    0.12330272793769836,
    0.18333658576011658,
    0.9897555112838745,
    0.8280996680259705,
    1.0,
    0.48323389887809753,
    0.9893428087234497,
    0.9906237125396729,
    0.5833619236946106,
    0.7893529534339905,
    1.0,
    1.0,
    0.995262622833252,
    1.0,
    1.0,
    1.0,
    1.0,
    1.0,
    1.0,
    1.0,
    0.9927233457565308,
    0.9600396752357483,
    0.6839126348495483,
    1.0,
    1.0,
    1.0,
    0.5042067766189575,
    0.9876327514648438
  ]
}