{
  "loss": [
    0.5956405997276306,
    0.1315903514623642,
    0.11011999100446701,
    0.09147275239229202,
    0.0737297534942627,
    0.06229923665523529,
    0.05470660701394081,
    0.046685270965099335,
    0.0420197956264019,
    0.03667693957686424,
    0.033486828207969666,
    0.030348259955644608,
    0.027407707646489143,
    0.024748366326093674,
    0.022352758795022964,
    0.02170490473508835,
    0.01862066611647606,
    0.016783500090241432,
    0.01505866926163435,
    0.014167900197207928,
    0.013295630924403667,
    0.013325728476047516,
    0.011949840001761913,
    0.011459147557616234,
    0.010549990460276604,
    0.010428273119032383,
    0.009673649445176125,
    0.009321382269263268,
    0.009402693249285221,
    0.009646984748542309,
    0.009700207971036434,
    0.00855090469121933,
    0.008975084871053696,
    0.008816244080662727,
    0.009075884707272053,
    0.008968356996774673,
    0.00951868575066328,
    0.009810909628868103,
    0.009479225613176823,
    0.009630467742681503
  ],
  "val_loss": [
    3032.584228515625,
    351.1168212890625,
    257.5686950683594,
    19.37118911743164,
    25.034015655517578,
    0.11623873561620712,
    0.07577496767044067,
    0.05717524141073227,
    0.039187412708997726,
    0.03742210194468498,
    0.038177087903022766,
    0.03439924493432045,
    0.026499507948756218,
    0.027091220021247864,
    0.028701994568109512,
    0.02383841574192047,
    0.022176645696163177,
    0.02148318663239479,
    0.024457046762108803,
    0.020318113267421722,
    0.019083645194768906,
    0.017120571807026863,
    0.01449464913457632,
    0.013866323046386242,
    0.014382781460881233,
    0.01606070064008236,
    0.012608751654624939,
    0.01445528119802475,
    0.015691513195633888,
    0.01070710550993681,
    0.02238468825817108,
    0.016116244718432426,
    0.01894197054207325,
    0.012812511064112186,
    0.015201927162706852,
    0.014386708848178387,
    0.016053462401032448,
    0.014292060397565365,
    0.013058999553322792,
    0.013821421191096306
  ],
  "accuracy": [
    0.9046167731285095,
    0.9987972974777222,
    0.9991957545280457,
    0.9986014366149902,
    0.9968658089637756,
    0.9949817061424255,
    0.9960871338844299,
    0.9965435862541199,
    0.9960617423057556,
    0.9971445798873901,
    0.99782395362854,
    0.998994767665863,
    0.9972569942474365,
    0.9988073110580444,
    0.9990606307983398,
    0.9992318749427795,
    0.9998717904090881,
    0.9998053908348083,
    0.9998693466186523,
    0.999875009059906,
    0.9994765520095825,
    0.9999391436576843,
    0.9998276233673096,
    0.9999860525131226,
    0.9999851584434509,
    0.9999549388885498,
    0.9999711513519287,
    0.9999901652336121,
    0.9999983310699463,
    0.9999864101409912,
    1.0,
    0.9999720454216003,
    0.9999999403953552,
    0.9983561635017395,
    0.9986012578010559,
    0.9998547434806824,
    0.9999998211860657,
    1.0,
    1.0,
    1.0
  ],
  "val_accuracy": [
    0.000683902355376631,
    0.1022077426314354,
    0.026132475584745407,
    0.11142601817846298,
    0.0458955243229866,
    1.0,
    1.0,
    1.0,
    1.0,
    1.0,
    1.0,
    1.0,
    1.0,
    1.0,
    1.0,
    1.0,
    1.0,
    1.0,
    1.0,
    1.0,
    1.0,
    1.0,
    1.0,
    1.0,
    1.0,
    1.0,
    1.0,
    1.0,
    1.0,
    1.0,
    1.0,
    0.9869005680084229,
    1.0,
    1.0,
    1.0,
    1.0,
    1.0,
    1.0,
    1.0,
    1.0
  ]
}