{
  "loss": [
    0.6614879965782166,
    0.17528170347213745,
    0.13003261387348175,
    0.10707981884479523,
    0.08579597622156143,
    0.06764908879995346,
    0.055790890008211136,
    0.05006071552634239,
    0.04612905904650688,
    0.040919702500104904,
    0.038133468478918076,
    0.03542013093829155,
    0.03253267705440521,
    0.029581137001514435,
    0.029347354546189308,
    0.033045101910829544,
    0.03578507900238037,
    0.03636473789811134,
    0.04048111289739609,
    0.03467141091823578,
    0.02829776704311371,
    0.028233684599399567,
    0.029165217652916908,
    0.02929261140525341,
    0.02860649675130844,
    0.025612663477659225,
    0.02602529712021351
  ],
  "val_loss": [
    447.76861572265625,
    44.35486602783203,
    25.980501174926758,
    122.26063537597656,
    26.27395248413086,
    5.475593566894531,
    1.0363101959228516,
    1.24143385887146,
    0.3911866545677185,
    0.17630697786808014,
    0.31569287180900574,
    0.09840001165866852,
    0.1241522952914238,
    0.06828112155199051,
    0.4850679636001587,
    0.7523257732391357,
    0.011616067960858345,
    0.048209819942712784,
    0.01316036656498909,
    0.018106212839484215,
    0.03309880942106247,
    0.805871307849884,
    3.2168874740600586,
    0.03273280709981918,
    0.02929680235683918,
    0.029221415519714355,
    0.02994956448674202
  ],
  "accuracy": [
    0.890206515789032,
    0.9992014169692993,
    0.9986210465431213,
    0.9972835183143616,
    0.9976209402084351,
    0.9966849088668823,
    0.996802806854248,
    0.996632993221283,
    0.9969274401664734,
    0.9989413619041443,
    0.998767077922821,
    0.9979451894760132,
    0.9987571835517883,
    0.998149573802948,
    0.9987190365791321,
    0.9996185302734375,
    0.9970228672027588,
    0.9987832307815552,
    0.9988927841186523,
    0.9999752044677734,
    0.9986441731452942,
    0.9993752837181091,
    0.9988041520118713,
    0.9999979734420776,
    0.9998388886451721,
    0.9992198944091797,
    0.9996189475059509
  ],
  "val_accuracy": [
    0.0001222170249093324,
    0.27174612879753113,
    0.7537524700164795,
    0.024158405140042305,
    0.3420368432998657,
    0.6338589191436768,
    0.863828718662262,
    0.8077031373977661,
    0.8675391674041748,
    0.9349669218063354,
    0.8818684816360474,
    0.9494157433509827,
    0.9989452958106995,
    0.9996312856674194,
    0.8152523636817932,
    0.8105236291885376,
    1.0,
    1.0,
    1.0,
    1.0,
    1.0,
    0.8053074479103088,
    0.3826567530632019,
    1.0,
    1.0,
    1.0,
    1.0
  ]
}