{
  "loss": [
    1.2294878959655762,
    0.41243818402290344,
    0.2375323623418808,
    0.1637347936630249,
    0.11903505772352219,
    0.10081947594881058,
    0.09670604020357132,
    0.10172084718942642,
    0.09302905201911926,
    0.08366401493549347,
    0.07436847686767578,
    0.06497301161289215,
    0.05924888327717781,
    0.05584641173481941,
    0.053905367851257324,
    0.048756711184978485,
    0.04465089365839958,
    0.040600452572107315,
    0.03598855435848236,
    0.03482189029455185,
    0.030502479523420334,
    0.02659231424331665,
    0.02363848127424717,
    0.021950336173176765,
    0.02017536759376526,
    0.01720563881099224,
    0.015321845188736916,
    0.01474330946803093,
    0.013456734828650951,
    0.012175963260233402,
    0.011547105386853218,
    0.01075725443661213,
    0.010172666981816292,
    0.010093513876199722,
    0.00907233264297247,
    0.008967980742454529,
    0.008787883445620537,
    0.008364218287169933,
    0.00789289828389883,
    0.00789651833474636,
    0.00769477104768157,
    0.007554367184638977,
    0.007705977652221918,
    0.007389937061816454,
    0.00715319998562336,
    0.007074921391904354,
    0.008550582453608513,
    0.008305663242936134,
    0.00837668590247631,
    0.0076346853747963905
  ],
  "val_loss": [
    42016.65625,
    25.98710823059082,
    17.35715675354004,
    0.4674806296825409,
    0.31456854939460754,
    0.21423020958900452,
    0.17706604301929474,
    0.17578113079071045,
    0.09825941920280457,
    0.8798499703407288,
    0.2748793959617615,
    0.06258280575275421,
    0.04881393909454346,
    0.03862928971648216,
    0.029868483543395996,
    0.043639037758111954,
    0.0277374517172575,
    0.023410584777593613,
    0.02461845427751541,
    0.02642645314335823,
    0.0233110673725605,
    0.0244594756513834,
    0.01926988922059536,
    0.018273627385497093,
    0.01620977744460106,
    0.015509172342717648,
    0.015639137476682663,
    0.017662322148680687,
    0.019942717626690865,
    0.011990894563496113,
    0.01502280868589878,
    0.01160321943461895,
    0.012165960855782032,
    0.01180996559560299,
    0.047896094620227814,
    0.015585487708449364,
    0.01127310935407877,
    0.012993392534554005,
    0.012442247942090034,
    0.015016979537904263,
    0.010269657708704472,
    0.009846311993896961,
    0.021650150418281555,
    0.012593922205269337,
    0.008817905560135841,
    0.01094325166195631,
    0.04893963411450386,
    0.016926029697060585,
    0.01865171082317829,
    0.01006016694009304
  ],
  "accuracy": [
    0.7456408143043518,
    0.996399462223053,
    0.999480664730072,
    0.9998329281806946,
    0.9998672008514404,
    0.9999054670333862,
    0.9997602105140686,
    0.9985189437866211,
    0.9965616464614868,
    0.995764970779419,
    0.9958844780921936,
    0.9974201321601868,
    0.9979392886161804,
    0.9985203742980957,
    0.9987598061561584,
    0.9989352822303772,
    0.9986099600791931,
    0.9986699819564819,
    0.9984582662582397,
    0.9975035786628723,
    0.9997684955596924,
    0.9991294741630554,
    0.999151349067688,
    0.9991526007652283,
    0.9991398453712463,
    0.9992648363113403,
    0.9993656873703003,
    0.9994787573814392,
    0.999365508556366,
    0.9990301728248596,
    0.9994960427284241,
    0.9992756843566895,
    0.9995169043540955,
    0.9994255304336548,
    0.9987103343009949,
    0.9993308186531067,
    0.999453604221344,
    0.9992308020591736,
    0.9992010593414307,
    0.9991803765296936,
    0.9991015791893005,
    0.9989117383956909,
    0.9994847774505615,
    0.9996424317359924,
    0.9993165731430054,
    0.9994175434112549,
    0.9996113777160645,
    0.9997612237930298,
    0.9984898567199707,
    0.9992127418518066
  ],
  "val_accuracy": [
    0.00390625,
    0.11966149508953094,
    0.025602174922823906,
    0.9996235966682434,
    1.0,
    1.0,
    1.0,
    0.9738049507141113,
    1.0,
    0.7610918879508972,
    0.9859137535095215,
    1.0,
    1.0,
    1.0,
    1.0,
    1.0,
    1.0,
    1.0,
    1.0,
    1.0,
    1.0,
    1.0,
    1.0,
    1.0,
    1.0,
    1.0,
    1.0,
    1.0,
    1.0,
    1.0,
    1.0,
    1.0,
    1.0,
    1.0,
    0.9475172162055969,
    0.963118851184845,
    0.9843119978904724,
    0.9807722568511963,
    0.9783703088760376,
    0.9678138494491577,
    0.9921343326568604,
    0.9999685883522034,
    1.0,
    0.9886912703514099,
    1.0,
    1.0,
    0.9831059575080872,
    1.0,
    1.0,
    1.0
  ]
}