{
  "loss": [
    0.5726688504219055,
    0.14409278333187103,
    0.09546016156673431,
    0.08099454641342163,
    0.07300528883934021,
    0.06419540196657181,
    0.05477888509631157,
    0.05006686970591545,
    0.04594426229596138,
    0.04128134250640869,
    0.03612252697348595,
    0.031713031232357025,
    0.029232438653707504,
    0.02777871862053871,
    0.026838453486561775,
    0.024199265986680984,
    0.020738784223794937,
    0.018780384212732315,
    0.017383264377713203,
    0.016047794371843338,
    0.01396458875387907,
    0.013411106541752815,
    0.012362219393253326,
    0.011115132831037045,
    0.010544194839894772,
    0.01000913418829441,
    0.00961057934910059,
    0.009969780221581459,
    0.009587186388671398,
    0.010311209596693516,
    0.011796276085078716,
    0.011086569167673588,
    0.010297213681042194,
    0.009846878238022327,
    0.009213739074766636,
    0.008450138382613659,
    0.008092210628092289,
    0.007801610045135021,
    0.007680548820644617,
    0.0075262002646923065,
    0.007478972431272268,
    0.007446120027452707,
    0.007777352351695299,
    0.007878702133893967,
    0.007790400180965662,
    0.0077773816883563995,
    0.007356185931712389,
    0.007338098715990782,
    0.007221754174679518,
    0.007311693392693996
  ],
  "val_loss": [
    5.666050910949707,
    154.35836791992188,
    207.28578186035156,
    145.0560760498047,
    56.151309967041016,
    99.09623718261719,
    1.2907302379608154,
    0.49952295422554016,
    0.17392101883888245,
    0.07319837063550949,
    0.05536219850182533,
    0.04033511504530907,
    0.04051455110311508,
    0.05009959265589714,
    0.04878421872854233,
    0.030690189450979233,
    0.02999437227845192,
    0.030962705612182617,
    0.020728589966893196,
    0.02389448694884777,
    0.021559609100222588,
    0.02146293967962265,
    0.022943703457713127,
    0.01915864460170269,
    0.021247761324048042,
    0.014610474929213524,
    0.013540039770305157,
    0.012589758262038231,
    0.016093285754323006,
    0.011868063360452652,
    0.015330562368035316,
    0.016305886209011078,
    0.016013193875551224,
    0.014421716332435608,
    0.010358015075325966,
    0.01098385825753212,
    0.012767546810209751,
    0.010799970477819443,
    0.011791909113526344,
    0.009592347778379917,
    0.008809478022158146,
    0.009207799099385738,
    0.01069188304245472,
    0.011279156431555748,
    0.011002739891409874,
    0.010719040408730507,
    0.010982121340930462,
    0.009654626250267029,
    0.009074876084923744,
    0.008162066340446472
  ],
  "accuracy": [
    0.9194788932800293,
    0.9998754262924194,
    0.9997520446777344,
    0.9993867874145508,
    0.9992832541465759,
    0.9985225796699524,
    0.9979298114776611,
    0.9963754415512085,
    0.9985685348510742,
    0.9992900490760803,
    0.999306321144104,
    0.9989195466041565,
    0.9993749260902405,
    0.9998555779457092,
    0.9991644024848938,
    0.9999973177909851,
    0.9999938607215881,
    1.0,
    1.0,
    0.9999986886978149,
    1.0,
    1.0,
    1.0,
    1.0,
    1.0,
    1.0,
    1.0,
    0.9999996423721313,
    1.0,
    0.9999814629554749,
    1.0,
    1.0,
    1.0,
    1.0,
    1.0,
    1.0,
    1.0,
    1.0,
    1.0,
    1.0,
    1.0,
    1.0,
    1.0,
    1.0,
    1.0,
    1.0,
    1.0,
    1.0,
    1.0,
    1.0
  ],
  "val_accuracy": [
    0.2836395502090454,
    0.025362234562635422,
    0.011949758976697922,
    0.5119456052780151,
    0.613693356513977,
    0.11501730233430862,
    0.9226645827293396,
    0.9085657596588135,
    0.970371663570404,
    0.999742865562439,
    0.9983202815055847,
    1.0,
    1.0,
    1.0,
    1.0,
    1.0,
    1.0,
    1.0,
    1.0,
    1.0,
    1.0,
    1.0,
    1.0,
    1.0,
    1.0,
    1.0,
    1.0,
    1.0,
    1.0,
    1.0,
    1.0,
    1.0,
    1.0,
    1.0,
    1.0,
    1.0,
    1.0,
    1.0,
    1.0,
    1.0,
    1.0,
    1.0,
    1.0,
    1.0,
    1.0,
    1.0,
    1.0,
    1.0,
    1.0,
    1.0
  ]
}