{
  "loss": [
    0.6448200941085815,
    0.1743154078722,
    0.12690401077270508,
    0.10331432521343231,
    0.08775166422128677,
    0.07238566130399704,
    0.06012197956442833,
    0.05129410699009895,
    0.04465195909142494,
    0.04030092433094978,
    0.037864964455366135,
    0.03537040948867798,
    0.03344292566180229,
    0.03158339485526085,
    0.028145303949713707,
    0.02569202333688736,
    0.023404790088534355,
    0.019711246713995934,
    0.018446773290634155,
    0.016753830015659332,
    0.015358857810497284,
    0.013832148164510727,
    0.01353187020868063,
    0.012549418956041336,
    0.011811844073235989,
    0.010806556791067123,
    0.010731110349297523,
    0.010570626705884933,
    0.010160587728023529,
    0.00970934983342886,
    0.00960888434201479,
    0.008866777643561363,
    0.008495195768773556,
    0.008598503656685352,
    0.00904942862689495,
    0.008638430386781693,
    0.008439282886683941,
    0.007775974925607443,
    0.007761893793940544,
    0.008170985616743565,
    0.008180569857358932
  ],
  "val_loss": [
    6.932900905609131,
    1347.6583251953125,
    7.6871337890625,
    1449.306396484375,
    432.4453430175781,
    92.70832061767578,
    25.3752498626709,
    0.3181889057159424,
    0.5040299296379089,
    0.034039516001939774,
    0.10669121891260147,
    0.024064762517809868,
    0.022650621831417084,
    0.024457283318042755,
    0.021839700639247894,
    0.01934601552784443,
    0.02064668759703636,
    0.022462638095021248,
    0.022023316472768784,
    0.020791083574295044,
    0.019035786390304565,
    0.017459481954574585,
    0.01632600836455822,
    0.01900782249867916,
    0.016016623005270958,
    0.01495523564517498,
    0.01736900955438614,
    0.012299766764044762,
    0.013163600116968155,
    0.014069605618715286,
    0.011824099346995354,
    0.012148703448474407,
    0.019717246294021606,
    0.019291076809167862,
    0.02134828455746174,
    0.012227262370288372,
    0.01230539195239544,
    0.011942981742322445,
    0.011828413233160973,
    0.013592182658612728,
    0.014735163189470768
  ],
  "accuracy": [
    0.9176907539367676,
    0.9987694025039673,
    0.9994600415229797,
    0.9975347518920898,
    0.9959226846694946,
    0.9947781562805176,
    0.9964492917060852,
    0.9977277517318726,
    0.9982767105102539,
    0.9987441301345825,
    0.9991520047187805,
    0.9994969367980957,
    0.9994188547134399,
    0.9994866847991943,
    0.9994505643844604,
    0.9997498989105225,
    0.9999608993530273,
    0.9999306797981262,
    0.9999709129333496,
    0.9999552369117737,
    0.9999886155128479,
    0.999916136264801,
    0.9999851584434509,
    0.9999963045120239,
    0.9999982714653015,
    0.9999991059303284,
    0.9999989867210388,
    0.9999993443489075,
    0.9999998211860657,
    0.9999985098838806,
    0.9999995231628418,
    1.0,
    1.0,
    1.0,
    1.0,
    1.0,
    0.9999985098838806,
    0.9999997019767761,
    1.0,
    1.0,
    1.0
  ],
  "val_accuracy": [
    0.2344648540019989,
    0.005979903973639011,
    0.1724204570055008,
    0.00396728515625,
    0.0019683837890625,
    0.0008439343655481935,
    0.022620461881160736,
    0.9269838929176331,
    0.9852049946784973,
    1.0,
    1.0,
    1.0,
    1.0,
    1.0,
    1.0,
    1.0,
    1.0,
    1.0,
    1.0,
    1.0,
    1.0,
    1.0,
    1.0,
    1.0,
    1.0,
    1.0,
    1.0,
    1.0,
    1.0,
    0.9999774694442749,
    1.0,
    1.0,
    1.0,
    1.0,
    1.0,
    0.9991116523742676,
    1.0,
    0.9998778700828552,
    1.0,
    1.0,
    1.0
  ]
}