{
  "loss": [
    0.722511351108551,
    0.17667360603809357,
    0.11220641434192657,
    0.08514998853206635,
    0.07452491670846939,
    0.06896336376667023,
    0.07440131902694702,
    0.06759756058454514,
    0.055307045578956604,
    0.05230030044913292,
    0.04606341943144798,
    0.043936293572187424,
    0.03993099182844162,
    0.03533325344324112,
    0.03244593366980553,
    0.031123695895075798,
    0.03004423715174198,
    0.027951553463935852,
    0.02535034343600273,
    0.024015333503484726,
    0.02240225300192833,
    0.022023392841219902,
    0.021495714783668518,
    0.02314314804971218,
    0.021320806816220284,
    0.020629826933145523,
    0.021211007609963417,
    0.0240603256970644,
    0.024395877495408058,
    0.026812775060534477,
    0.02511643059551716,
    0.022570636123418808,
    0.02149990014731884,
    0.021740397438406944,
    0.028119325637817383,
    0.023687630891799927,
    0.021536443382501602,
    0.019930027425289154,
    0.021373234689235687,
    0.019732533022761345,
    0.019481776282191277
  ],
  "val_loss": [
    2337.781494140625,
    65.8000717163086,
    0.04671744629740715,
    1.5767515897750854,
    0.6977881789207458,
    0.3186039626598358,
    0.24360571801662445,
    0.04490397125482559,
    0.15270362794399261,
    0.08580610156059265,
    0.18142680823802948,
    0.04842894524335861,
    0.030968816950917244,
    0.02886919677257538,
    0.2089185267686844,
    0.04115742817521095,
    0.06579869985580444,
    0.03377482667565346,
    0.051082760095596313,
    0.02935563027858734,
    0.032983843237161636,
    0.02854783460497856,
    0.12339318543672562,
    0.044907454401254654,
    0.0509503111243248,
    0.1195855587720871,
    0.07107552886009216,
    0.04803603142499924,
    0.03735481947660446,
    0.023021677508950233,
    0.018143467605113983,
    0.046187471598386765,
    1.4208317995071411,
    0.3833955228328705,
    0.025252673774957657,
    0.0200965516269207,
    0.018540840595960617,
    0.0485287681221962,
    0.02578849159181118,
    0.03641168400645256,
    0.03663371503353119
  ],
  "accuracy": [
    0.8825238943099976,
    0.9995101690292358,
    0.9998465180397034,
    0.9999419450759888,
    0.999967634677887,
    0.9999777674674988,
    0.9999561905860901,
    0.9987025856971741,
    0.9989849925041199,
    0.9995946884155273,
    0.9988794326782227,
    0.9963068962097168,
    0.9995015263557434,
    0.9993834495544434,
    0.9991856813430786,
    0.9999393224716187,
    0.9998751878738403,
    0.9999973773956299,
    0.9998941421508789,
    0.9996547698974609,
    0.9993295073509216,
    0.9997965097427368,
    0.9998670220375061,
    0.9997826218605042,
    0.9995860457420349,
    0.9999256730079651,
    0.9997453689575195,
    1.0,
    0.9997943043708801,
    0.9998108744621277,
    0.9995520114898682,
    0.9999699592590332,
    0.9999889135360718,
    0.9992786645889282,
    0.9974290728569031,
    0.9987598657608032,
    0.9977452754974365,
    0.999850869178772,
    0.9997062087059021,
    0.9975470900535583,
    0.9988106489181519
  ],
  "val_accuracy": [
    0.008057801984250546,
    0.5189618468284607,
    0.9915304780006409,
    0.5557395219802856,
    0.9911268353462219,
    1.0,
    1.0,
    1.0,
    1.0,
    1.0,
    1.0,
    1.0,
    1.0,
    1.0,
    1.0,
    1.0,
    1.0,
    1.0,
    1.0,
    0.9996861219406128,
    1.0,
    1.0,
    0.9999995231628418,
    1.0,
    0.9999632835388184,
    0.9999968409538269,
    0.9989297986030579,
    0.9986722469329834,
    1.0,
    1.0,
    1.0,
    1.0,
    0.6909250020980835,
    0.8719877004623413,
    0.9998376965522766,
    1.0,
    1.0,
    0.9998802542686462,
    1.0,
    1.0,
    1.0
  ]
}