{
  "loss": [
    0.8445954918861389,
    0.2206248939037323,
    0.134360671043396,
    0.10408835113048553,
    0.09328775107860565,
    0.08716637641191483,
    0.07548170536756516,
    0.06603430211544037,
    0.05599129572510719,
    0.049936577677726746,
    0.04323681816458702,
    0.039212509989738464,
    0.03565962240099907,
    0.03373182192444801,
    0.03247147053480148,
    0.030227527022361755,
    0.037840962409973145,
    0.03670763969421387,
    0.03015241026878357,
    0.027372892946004868,
    0.02550535649061203,
    0.026550428941845894,
    0.024818385019898415,
    0.023187795653939247,
    0.022178979590535164,
    0.023589354008436203,
    0.02124589867889881,
    0.019943123683333397,
    0.020982857793569565,
    0.017937948927283287,
    0.03279741480946541,
    0.03532866761088371,
    0.032211966812610626,
    0.027427010238170624,
    0.02721589058637619,
    0.0252855084836483,
    0.028818270191550255,
    0.03380747139453888,
    0.030320674180984497,
    0.0334307923913002,
    0.031395673751831055,
    0.032302409410476685,
    0.030986174941062927,
    0.03267986327409744,
    0.029317956417798996,
    0.02926837094128132,
    0.02811761572957039,
    0.028707994148135185,
    0.02804671972990036
  ],
  "val_loss": [
    328.5272521972656,
    76.97413635253906,
    8.134652137756348,
    0.4485941231250763,
    32.9593391418457,
    51.03845977783203,
    7.748754501342773,
    4.750138759613037,
    6.015916347503662,
    0.536395251750946,
    1.046648383140564,
    0.37264424562454224,
    0.07694476842880249,
    0.05259767919778824,
    0.03663938120007515,
    0.04106597602367401,
    0.05356421694159508,
    0.046800967305898666,
    0.05564932897686958,
    0.04772413894534111,
    0.046823736280202866,
    0.027849361300468445,
    0.025126861408352852,
    0.03975597023963928,
    0.020612113177776337,
    0.030570102855563164,
    0.02010548859834671,
    0.02821466326713562,
    0.04090501368045807,
    0.03637554869055748,
    0.015204175375401974,
    0.02021394483745098,
    0.021188804879784584,
    0.018761176615953445,
    0.031171206384897232,
    0.017568746581673622,
    0.016388550400733948,
    91.16670227050781,
    0.013092190027236938,
    0.013359415344893932,
    0.021394815295934677,
    0.015261713415384293,
    0.02677256427705288,
    0.07429259270429611,
    0.017055736854672432,
    0.0178835429251194,
    0.016925673931837082,
    0.022353507578372955,
    0.022704660892486572
  ],
  "accuracy": [
    0.8653109073638916,
    0.9990041851997375,
    0.999600350856781,
    0.9995996356010437,
    0.9999505877494812,
    0.9996591210365295,
    0.9989321231842041,
    0.9982792139053345,
    0.9988042712211609,
    0.9991591572761536,
    0.9997528195381165,
    0.9998624324798584,
    0.999595046043396,
    0.9995582699775696,
    0.9998627305030823,
    0.9999148845672607,
    0.9996594190597534,
    1.0,
    0.9999220967292786,
    0.9999940991401672,
    0.9998742938041687,
    0.9999035596847534,
    0.9998641014099121,
    0.9999644160270691,
    0.9996047019958496,
    0.9999504089355469,
    0.9999899864196777,
    0.9999721646308899,
    0.9999824166297913,
    1.0,
    0.9998252987861633,
    1.0,
    0.9999757409095764,
    0.99998939037323,
    0.9998840093612671,
    1.0,
    0.999746561050415,
    0.9999192357063293,
    0.9999833106994629,
    0.9999987483024597,
    1.0,
    0.9999997615814209,
    1.0,
    1.0,
    1.0,
    0.9999978542327881,
    0.9999992847442627,
    0.9998732805252075,
    0.9999885559082031
  ],
  "val_accuracy": [
    0.001953125,
    0.03862608224153519,
    0.18132910132408142,
    1.0,
    0.033136602491140366,
    0.006862254813313484,
    0.3937976360321045,
    0.6681630611419678,
    0.6194534301757812,
    0.8119447827339172,
    0.7846326231956482,
    0.8829206228256226,
    0.985053300857544,
    1.0,
    0.9992491602897644,
    1.0,
    1.0,
    1.0,
    1.0,
    1.0,
    1.0,
    1.0,
    1.0,
    1.0,
    1.0,
    1.0,
    1.0,
    1.0,
    0.9920452237129211,
    0.9899905920028687,
    1.0,
    1.0,
    1.0,
    1.0,
    1.0,
    1.0,
    1.0,
    0.004363927990198135,
    1.0,
    1.0,
    1.0,
    1.0,
    1.0,
    0.9950414299964905,
    1.0,
    1.0,
    1.0,
    1.0,
    1.0
  ]
}